plant,site,plot,trt,pair,acorn_source,year,rainfall,status,height,diam_base,dbh,neigh_height,neigh_diam_base,neigh_dbh,pdxpp
1,1,0,2,1,1,2003,42.11,1,14,,,,,,
1,1,0,2,1,1,2004,26.21,1,17,,,16,,,
1,1,0,2,1,1,2005,89.26,1,34,,,21,,,
1,1,0,2,1,1,2006,44.65,1,47,,,46,,,
1,1,0,2,1,1,2007,16.71,1,46,,,46,,,
1,1,0,2,1,1,2008,40.34,1,47,,,47,,,
1,1,0,2,1,1,2009,33.22,1,55,,,,,,
1,1,0,2,1,1,2010,54.05,1,61,,,,,,
1,1,0,2,1,1,2011,66.90,1,66,15,,55,14,,2.1
1,1,0,2,1,1,2012,30.20,1,88,17,,59,16,,2.8
1,1,0,2,1,1,2013,17.50,1,87,17,,57,13,,2.2
1,1,0,2,1,1,2014,20.12,1,89,21,,57,17,,2.00
1,1,0,2,1,1,2015,20.60,1,91,21,,64,20,,
1,1,0,2,1,1,2016,25.88,1,96,21,,104,23,,1.4
1,1,0,2,1,1,2017,51.21,1,138,23,,161,24,5,
1,1,0,2,1,1,2018,21.01,1,203,53,15,49,8,,
2,1,0,2,2,1,2003,42.11,1,13,,,10,,,
2,1,0,2,2,1,2004,26.21,1,24,,,9,,,
2,1,0,2,2,1,2005,89.26,1,32,,,24,,,
2,1,0,2,2,1,2006,44.65,1,45,,,38,,,
2,1,0,2,2,1,2007,16.71,1,43,,,38,,,
2,1,0,2,2,1,2008,40.34,1,45,,,38,,,
2,1,0,2,2,1,2009,33.22,1,48,,,,,,
2,1,0,2,2,1,2010,54.05,1,61,,,,,,
2,1,0,2,2,1,2011,66.90,1,71,14.8,,43,12.2,,2.15
2,1,0,2,2,1,2012,30.20,1,93,22,,42,15,,1.7
2,1,0,2,2,1,2013,17.50,1,100,22,,52,15,,1.1
2,1,0,2,2,1,2014,20.12,1,100,25,,49,15,,1.03
2,1,0,2,2,1,2015,20.60,1,102,27,,51,18,,2.8
2,1,0,2,2,1,2016,25.88,1,104,26,,50,19,,2.1
2,1,0,2,2,1,2017,51.21,1,105,26,,116,17,,
2,1,0,2,2,1,2018,21.01,1,106,32,,136,19,,
3,1,0,2,3,2,2003,42.11,1,14,,,7,,,
3,1,0,2,3,2,2004,26.21,1,17,,,7,,,
3,1,0,2,3,2,2005,89.26,1,33,,,22,,,
3,1,0,2,3,2,2006,44.65,1,35,,,29,,,
3,1,0,2,3,2,2007,16.71,1,36,,,30,,,
3,1,0,2,3,2,2008,40.34,1,37,,,34,,,
3,1,0,2,3,2,2009,33.22,1,31,,,,,,
3,1,0,2,3,2,2010,54.05,1,39,,,,,,
3,1,0,2,3,2,2011,66.90,1,38,12.2,,35,9,,2.2
3,1,0,2,3,2,2012,30.20,1,40,13.3,,34,9,,2.9
3,1,0,2,3,2,2013,17.50,1,39,13,,35,9,,2.3
3,1,0,2,3,2,2014,20.12,1,54,16,,37,10,,1.10
3,1,0,2,3,2,2015,20.60,1,66,18,,60,10,,3
3,1,0,2,3,2,2016,25.88,1,94,20,,83,16,,1.2
3,1,0,2,3,2,2017,51.21,1,188,24,7,127,22,,
3,1,0,2,3,2,2018,21.01,1,219,39,20,120,25,,
4,1,0,2,4,1,2003,42.11,1,13,,,7,,,
4,1,0,2,4,1,2004,26.21,1,14,,,12,,,
4,1,0,2,4,1,2005,89.26,1,28,,,27,,,
4,1,0,2,4,1,2006,44.65,1,36,,,36,,,
4,1,0,2,4,1,2007,16.71,1,37,,,36,,,
4,1,0,2,4,1,2008,40.34,1,64,,,43,,,
4,1,0,2,4,1,2009,33.22,1,63,,,,,,
4,1,0,2,4,1,2010,54.05,1,66,,,,,,
4,1,0,2,4,1,2011,66.90,1,71,14.6,,70,13.8,,3.05
4,1,0,2,4,1,2012,30.20,1,71,15.5,,75,16,,2
4,1,0,2,4,1,2013,17.50,1,69,17,,69,17,,1.7
4,1,0,2,4,1,2014,20.12,1,71,17,,71,17,,2.07
4,1,0,2,4,1,2015,20.60,1,72,17,,73,18,,2.2
4,1,0,2,4,1,2016,25.88,1,72,18,,78,18,,1.3
4,1,0,2,4,1,2017,51.21,1,84,18,,100,20,,
4,1,0,2,4,1,2018,21.01,1,172,28,5,101,21,,
5,1,0,2,5,2,2003,42.11,1,9.5,,,4,,,
5,1,0,2,5,2,2004,26.21,1,15,,,14,,,
5,1,0,2,5,2,2005,89.26,1,27,,,22,,,
5,1,0,2,5,2,2006,44.65,1,32,,,31,,,
5,1,0,2,5,2,2007,16.71,1,34,,,28,,,
5,1,0,2,5,2,2008,40.34,1,34,,,33,,,
5,1,0,2,5,2,2009,33.22,1,36,,,,,,
5,1,0,2,5,2,2010,54.05,1,58,,,,,,
5,1,0,2,5,2,2011,66.90,1,59,12.5,,55,8.5,,2.3
5,1,0,2,5,2,2012,30.20,1,63,16,,66,10,,2.7
5,1,0,2,5,2,2013,17.50,1,59,12,,65,11,,2.2
5,1,0,2,5,2,2014,20.12,1,54,12,,68,13,,2.00
5,1,0,2,5,2,2015,20.60,1,54,13,,68,17,,2.7
5,1,0,2,5,2,2016,25.88,1,70,16,,107,23,,2
5,1,0,2,5,2,2017,51.21,1,94,16,,157,28,5,
5,1,0,2,5,2,2018,21.01,1,167,32,8,100,19,,
6,1,0,2,6,2,2003,42.11,1,12,,,9.5,,,
6,1,0,2,6,2,2004,26.21,1,18,,,12,,,
6,1,0,2,6,2,2005,89.26,1,33,,,30,,,
6,1,0,2,6,2,2006,44.65,1,46,,,36,,,
6,1,0,2,6,2,2007,16.71,1,46,,,34,,,
6,1,0,2,6,2,2008,40.34,1,62,,,52,,,
6,1,0,2,6,2,2009,33.22,1,62,,,,,,
6,1,0,2,6,2,2010,54.05,1,69,,,,,,
6,1,0,2,6,2,2011,66.90,1,65,11,,61,12,,2.45
6,1,0,2,6,2,2012,30.20,1,66,7,,60,12,,2.3
6,1,0,2,6,2,2013,17.50,1,67,12,,57,15,,1.7
6,1,0,2,6,2,2014,20.12,1,71,12,,58,14,,1.52
6,1,0,2,6,2,2015,20.60,1,74,14,,66,15,,1.8
6,1,0,2,6,2,2016,25.88,1,87,16,,64,16,,1.4
6,1,0,2,6,2,2017,51.21,1,137,24,,97,18,,
6,1,0,2,6,2,2018,21.01,1,155,25,3,179,24,7,
7,1,0,2,7,1,2003,42.11,1,12,,,10,,,
7,1,0,2,7,1,2004,26.21,1,13,,,13,,,
7,1,0,2,7,1,2005,89.26,1,34,,,32,,,
7,1,0,2,7,1,2006,44.65,1,36,,,35,,,
7,1,0,2,7,1,2007,16.71,1,36,,,36,,,
7,1,0,2,7,1,2008,40.34,1,40,,,40,,,
7,1,0,2,7,1,2009,33.22,1,53,,,,,,
7,1,0,2,7,1,2010,54.05,1,65,,,,,,
7,1,0,2,7,1,2011,66.90,1,81,14,,72,18,,1.4
7,1,0,2,7,1,2012,30.20,1,123,18.5,,95,17,,2.7
7,1,0,2,7,1,2013,17.50,1,120,20,,92,16,,2.1
7,1,0,2,7,1,2014,20.12,1,127,19,,102,18,,2.07
7,1,0,2,7,1,2015,20.60,1,123,19,,103,20,,3.2
7,1,0,2,7,1,2016,25.88,1,129,20,,104,21,,1.7
7,1,0,2,7,1,2017,51.21,1,169,26,4,102,25,,
7,1,0,2,7,1,2018,21.01,1,126,21,,104,20,,
8,1,0,2,8,1,2003,42.11,1,9,,,9,,,
8,1,0,2,8,1,2004,26.21,1,12,,,8,,,
8,1,0,2,8,1,2005,89.26,1,21,,,20,,,
8,1,0,2,8,1,2006,44.65,1,36,,,36,,,
8,1,0,2,8,1,2007,16.71,1,38,,,27,,,
8,1,0,2,8,1,2008,40.34,1,60,,,52,,,
8,1,0,2,8,1,2009,33.22,1,60,,,,,,
8,1,0,2,8,1,2010,54.05,1,60,,,,,,
8,1,0,2,8,1,2011,66.90,1,82,22.7,,38,7.4,,1.05
8,1,0,2,8,1,2012,30.20,1,94,32,,34,7,,1.7
8,1,0,2,8,1,2013,17.50,1,102,36,,46,8,,1.2
8,1,0,2,8,1,2014,20.12,1,114,37,,52,8,,1.66
8,1,0,2,8,1,2015,20.60,1,127,40,,56,8,,1.9
8,1,0,2,8,1,2016,25.88,1,150,42,,54,9,,1.3
8,1,0,2,8,1,2017,51.21,1,205,47,,42,8,,
8,1,0,2,8,1,2018,21.01,1,184,25,8,146,21,,
9,1,0,2,9,1,2003,42.11,1,15,,,10,,,
9,1,0,2,9,1,2004,26.21,1,21,,,15,,,
9,1,0,2,9,1,2005,89.26,1,44,,,29,,,
9,1,0,2,9,1,2006,44.65,1,50,,,34,,,
9,1,0,2,9,1,2007,16.71,1,48,,,45,,,
9,1,0,2,9,1,2008,40.34,1,49,,,44,,,
9,1,0,2,9,1,2009,33.22,1,47,,,,,,
9,1,0,2,9,1,2010,54.05,1,58,,,,,,
9,1,0,2,9,1,2011,66.90,1,62,15,,54,11.7,,1.05
9,1,0,2,9,1,2012,30.20,1,73,21,,64,15,,2.1
9,1,0,2,9,1,2013,17.50,1,81,20,,62,16,,1.6
9,1,0,2,9,1,2014,20.12,1,81,21,,65,15,,1.72
9,1,0,2,9,1,2015,20.60,1,84,23,,67,17,,2.3
9,1,0,2,9,1,2016,25.88,1,111,25,,79,17,,1.2
9,1,0,2,9,1,2017,51.21,1,159,28,5,90,19,,
9,1,0,2,9,1,2018,21.01,1,192,36,9,79,14,,
10,1,0,2,10,2,2003,42.11,1,12,,,12,,,
10,1,0,2,10,2,2004,26.21,1,17,,,15,,,
10,1,0,2,10,2,2005,89.26,1,35,,,28,,,
10,1,0,2,10,2,2006,44.65,1,36,,,34,,,
10,1,0,2,10,2,2007,16.71,1,39,,,34,,,
10,1,0,2,10,2,2008,40.34,1,53,,,41,,,
10,1,0,2,10,2,2009,33.22,1,51,,,,,,
10,1,0,2,10,2,2010,54.05,1,54,,,,,,
10,1,0,2,10,2,2011,66.90,1,61,15.4,,52,8,,1.8
10,1,0,2,10,2,2012,30.20,1,99,20,,62,10,,1.4
10,1,0,2,10,2,2013,17.50,1,106,21,,68,10,,2.2
10,1,0,2,10,2,2014,20.12,1,105,22,,73,12,,2.34
10,1,0,2,10,2,2015,20.60,1,103,23,,74,12,,3.1
10,1,0,2,10,2,2016,25.88,1,100,27,,61,12,,1.7
10,1,0,2,10,2,2017,51.21,1,101,25,,107,18,,
10,1,0,2,10,2,2018,21.01,1,149,24,3,116,18,,
11,1,0,2,12,2,2003,42.11,1,13,,,13,,,
11,1,0,2,12,2,2004,26.21,1,16,,,16,,,
11,1,0,2,12,2,2005,89.26,1,48,,,40,,,
11,1,0,2,12,2,2006,44.65,1,59,,,43,,,
11,1,0,2,12,2,2007,16.71,1,59,,,41,,,
11,1,0,2,12,2,2008,40.34,1,62,,,61,,,
11,1,0,2,12,2,2009,33.22,1,58,,,,,,
11,1,0,2,12,2,2010,54.05,1,64,,,,,,
11,1,0,2,12,2,2011,66.90,1,84,11.8,,76,,,1.7
11,1,0,2,12,2,2012,30.20,1,92,25.5,,77,16,,2.3
11,1,0,2,12,2,2013,17.50,1,88,22,,77,15,,1.8
11,1,0,2,12,2,2014,20.12,1,90,21,,79,15,,1.93
11,1,0,2,12,2,2015,20.60,1,102,21,,81,18,,1.3
11,1,0,2,12,2,2016,25.88,1,129,22,,80,17,,1.1
11,1,0,2,12,2,2017,51.21,1,192,,6,84,,,
11,1,0,2,12,2,2018,21.01,1,130,17,,164,29,7,
12,1,0,2,13,1,2003,42.11,1,10,,,8,,,
12,1,0,2,13,1,2004,26.21,1,20,,,16,,,
12,1,0,2,13,1,2005,89.26,1,44,,,33,,,
12,1,0,2,13,1,2006,44.65,1,53,,,51,,,
12,1,0,2,13,1,2007,16.71,1,53,,,51,,,
12,1,0,2,13,1,2008,40.34,1,59,,,58,,,
12,1,0,2,13,1,2009,33.22,1,58,,,,,,
12,1,0,2,13,1,2010,54.05,1,63,,,,,,
12,1,0,2,13,1,2011,66.90,1,93,14,,87,12.8,,1
12,1,0,2,13,1,2012,30.20,1,138,17,,87,19,,2.1
12,1,0,2,13,1,2013,17.50,1,135,20,,91,21,,1.8
12,1,0,2,13,1,2014,20.12,1,136,19,,92,19,,1.72
12,1,0,2,13,1,2015,20.60,1,156,22,,90,19,,1.5
12,1,0,2,13,1,2016,25.88,1,172,27,8,92,22,,1.4
12,1,0,2,13,1,2017,51.21,1,215,32,18,114,24,,
12,1,0,2,13,1,2018,21.01,1,103,24,,118,15,,
13,1,0,1,1,1,2003,42.11,1,13,,,11,,,
13,1,0,1,1,1,2004,26.21,1,24,,,17,,,
13,1,0,1,1,1,2005,89.26,1,32,,,29,,,
13,1,0,1,1,1,2006,44.65,1,47,,,34,,,
13,1,0,1,1,1,2007,16.71,1,45,,,31,,,
13,1,0,1,1,1,2008,40.34,1,51,,,35,,,
13,1,0,1,1,1,2009,33.22,1,56,,,,,,
13,1,0,1,1,1,2010,54.05,1,61,,,,,,
13,1,0,1,1,1,2011,66.90,1,78,18.4,,,,,1.4
13,1,0,1,1,1,2012,30.20,1,110,23,,,,,2.2
13,1,0,1,1,1,2013,17.50,1,113,23,,,,,1.8
13,1,0,1,1,1,2014,20.12,1,114,25,,,,,1.93
13,1,0,1,1,1,2015,20.60,1,113,26,,,,,2.3
13,1,0,1,1,1,2016,25.88,1,115,28,,,,,2.2
13,1,0,1,1,1,2017,51.21,1,115,32,,,,,
13,1,0,1,1,1,2018,21.01,1,124,34,,,,,
14,1,0,1,2,1,2003,42.11,1,17,,,9,,,
14,1,0,1,2,1,2004,26.21,1,15,,,13,,,
14,1,0,1,2,1,2005,89.26,1,31,,,31,,,
14,1,0,1,2,1,2006,44.65,1,37,,,34,,,
14,1,0,1,2,1,2007,16.71,1,35,,,31,,,
14,1,0,1,2,1,2008,40.34,1,34,,,34,,,
14,1,0,1,2,1,2009,33.22,1,39,,,,,,
14,1,0,1,2,1,2010,54.05,1,66,,,,,,
14,1,0,1,2,1,2011,66.90,1,89,16.4,,,,,1
14,1,0,1,2,1,2012,30.20,1,88,23.4,,,,,2.5
14,1,0,1,2,1,2013,17.50,1,88,21,,,,,2.2
14,1,0,1,2,1,2014,20.12,1,89,21,,,,,2.14
14,1,0,1,2,1,2015,20.60,1,89,22,,,,,
14,1,0,1,2,1,2016,25.88,1,88,22,,,,,1.8
14,1,0,1,2,1,2017,51.21,1,101,24,,,,,
14,1,0,1,2,1,2018,21.01,1,108,25,,,,,
15,1,0,1,3,1,2003,42.11,1,8,,,1,,,
15,1,0,1,3,1,2004,26.21,1,14,,,10,,,
15,1,0,1,3,1,2005,89.26,1,31,,,26,,,
15,1,0,1,3,1,2006,44.65,1,38,,,34,,,
15,1,0,1,3,1,2007,16.71,1,51,,,38,,,
15,1,0,1,3,1,2008,40.34,1,54,,,37,,,
15,1,0,1,3,1,2009,33.22,1,50,,,,,,
15,1,0,1,3,1,2010,54.05,1,51,,,,,,
15,1,0,1,3,1,2011,66.90,1,55,12,,,,,2.2
15,1,0,1,3,1,2012,30.20,1,64,14,,,,,2.9
15,1,0,1,3,1,2013,17.50,1,60,13,,,,,1.5
15,1,0,1,3,1,2014,20.12,1,60,14,,,,,1.66
15,1,0,1,3,1,2015,20.60,1,58,14,,,,,2
15,1,0,1,3,1,2016,25.88,1,67,16,,,,,1.9
15,1,0,1,3,1,2017,51.21,1,74,19,,,,,
15,1,0,1,3,1,2018,21.01,1,84,22,,,,,
16,1,0,1,4,1,2003,42.11,1,15,,,14,,,
16,1,0,1,4,1,2004,26.21,1,22,,,19,,,
16,1,0,1,4,1,2005,89.26,1,29,,,29,,,
16,1,0,1,4,1,2006,44.65,1,63,,,51,,,
16,1,0,1,4,1,2007,16.71,1,59,,,50,,,
16,1,0,1,4,1,2008,40.34,1,63,,,53,,,
16,1,0,1,4,1,2009,33.22,1,62,,,,,,
16,1,0,1,4,1,2010,54.05,1,64,,,,,,
16,1,0,1,4,1,2011,66.90,1,72,18.7,,,,,0.6
16,1,0,1,4,1,2012,30.20,1,78,22,,,,,2.1
16,1,0,1,4,1,2013,17.50,1,76,24,,,,,1.3
16,1,0,1,4,1,2014,20.12,1,79,24,,,,,1.52
16,1,0,1,4,1,2015,20.60,1,80,24,,,,,1.3
16,1,0,1,4,1,2016,25.88,1,100,26,,,,,1.6
16,1,0,1,4,1,2017,51.21,1,125,31,,,,,
16,1,0,1,4,1,2018,21.01,1,132,33,,,,,
17,1,0,1,5,1,2003,42.11,1,8,,,7,,,
17,1,0,1,5,1,2004,26.21,1,15,,,13,,,
17,1,0,1,5,1,2005,89.26,1,21,,,20,,,
17,1,0,1,5,1,2006,44.65,1,28,,,26,,,
17,1,0,1,5,1,2007,16.71,1,28,,,25,,,
17,1,0,1,5,1,2008,40.34,1,26,,,22,,,
17,1,0,1,5,1,2009,33.22,1,28,,,,,,
17,1,0,1,5,1,2010,54.05,1,48,,,,,,
17,1,0,1,5,1,2011,66.90,1,51,14.9,,,,,1.7
17,1,0,1,5,1,2012,30.20,1,56,15.6,,,,,2.4
17,1,0,1,5,1,2013,17.50,1,52,12,,,,,1.3
17,1,0,1,5,1,2014,20.12,1,61,10,,,,,1.17
17,1,0,1,5,1,2015,20.60,1,63,15,,,,,1.6
17,1,0,1,5,1,2016,25.88,1,88,17,,,,,1.3
17,1,0,1,5,1,2017,51.21,1,126,22,,,,,
17,1,0,1,5,1,2018,21.01,1,126,26,,,,,
18,1,0,1,6,1,2003,42.11,1,8,,,7,,,
18,1,0,1,6,1,2004,26.21,1,13,,,12,,,
18,1,0,1,6,1,2005,89.26,1,31,,,27,,,
18,1,0,1,6,1,2006,44.65,1,43,,,41,,,
18,1,0,1,6,1,2007,16.71,1,44,,,40,,,
18,1,0,1,6,1,2008,40.34,1,56,,,44,,,
18,1,0,1,6,1,2009,33.22,1,57,,,,,,
18,1,0,1,6,1,2010,54.05,1,71,,,,,,
18,1,0,1,6,1,2011,66.90,1,87,12,,,,,1.3
18,1,0,1,6,1,2012,30.20,1,107,17,,,,,2.5
18,1,0,1,6,1,2013,17.50,1,103,18,,,,,2.3
18,1,0,1,6,1,2014,20.12,1,99,19,,,,,2.97
18,1,0,1,6,1,2015,20.60,1,120,22,,,,,1.9
18,1,0,1,6,1,2016,25.88,1,141,24,,,,,1.8
18,1,0,1,6,1,2017,51.21,1,248,29,13,,,,
18,1,0,1,6,1,2018,21.01,1,242,30,15,,,,
19,1,0,1,7,1,2003,42.11,1,10,,,6,,,
19,1,0,1,7,1,2004,26.21,1,11,,,11,,,
19,1,0,1,7,1,2005,89.26,1,24,,,24,,,
19,1,0,1,7,1,2006,44.65,1,33,,,26,,,
19,1,0,1,7,1,2007,16.71,1,26,,,25,,,
19,1,0,1,7,1,2008,40.34,1,33,,,30,,,
19,1,0,1,7,1,2009,33.22,1,36,,,,,,
19,1,0,1,7,1,2010,54.05,1,63,,,,,,
19,1,0,1,7,1,2011,66.90,1,71,17,,,,,1.4
19,1,0,1,7,1,2012,30.20,1,75,22,,,,,2.1
19,1,0,1,7,1,2013,17.50,1,75,24,,,,,1.7
19,1,0,1,7,1,2014,20.12,1,76,25,,,,,2.28
19,1,0,1,7,1,2015,20.60,1,84,26,,,,,1.5
19,1,0,1,7,1,2016,25.88,1,110,29,,,,,1.9
19,1,0,1,7,1,2017,51.21,1,156,36,4,,,,
19,1,0,1,7,1,2018,21.01,1,160,37,6,,,,
20,1,0,1,8,2,2003,42.11,1,13,,,8,,,
20,1,0,1,8,2,2004,26.21,1,15,,,15,,,
20,1,0,1,8,2,2005,89.26,1,48,,,45,,,
20,1,0,1,8,2,2006,44.65,1,57,,,48,,,
20,1,0,1,8,2,2007,16.71,1,59,,,49,,,
20,1,0,1,8,2,2008,40.34,1,61,,,61,,,
20,1,0,1,8,2,2009,33.22,1,58,,,,,,
20,1,0,1,8,2,2010,54.05,1,62,,,,,,
20,1,0,1,8,2,2011,66.90,1,74,13.6,,,,,0.85
20,1,0,1,8,2,2012,30.20,1,95,17,,,,,2.1
20,1,0,1,8,2,2013,17.50,1,104,18,,,,,1.4
20,1,0,1,8,2,2014,20.12,1,102,20,,,,,2.07
20,1,0,1,8,2,2015,20.60,1,102,20,,,,,4.2
20,1,0,1,8,2,2016,25.88,1,101,21,,,,,3.9
20,1,0,1,8,2,2017,51.21,1,107,24,,,,,
20,1,0,1,8,2,2018,21.01,1,128,24,,,,,
21,1,0,1,9,2,2003,42.11,1,12,,,9,,,
21,1,0,1,9,2,2004,26.21,1,14,,,7,,,
21,1,0,1,9,2,2005,89.26,1,30,,,29,,,
21,1,0,1,9,2,2006,44.65,1,31,,,22,,,
21,1,0,1,9,2,2007,16.71,1,30,,,20,,,
21,1,0,1,9,2,2008,40.34,1,28,,,24,,,
21,1,0,1,9,2,2009,33.22,1,35,,,,,,
21,1,0,1,9,2,2010,54.05,1,65,,,,,,
21,1,0,1,9,2,2011,66.90,1,63,12.9,,,,,2.75
21,1,0,1,9,2,2012,30.20,1,64,15.6,,,,,2.1
21,1,0,1,9,2,2013,17.50,1,65,14,,,,,1.7
21,1,0,1,9,2,2014,20.12,1,66,15,,,,,1.10
21,1,0,1,9,2,2015,20.60,1,64,18,,,,,2.6
21,1,0,1,9,2,2016,25.88,1,63,19,,,,,1.5
21,1,0,1,9,2,2017,51.21,1,101,24,,,,,
21,1,0,1,9,2,2018,21.01,1,105,23,,,,,
22,1,0,1,10,2,2003,42.11,1,12,,,11,,,
22,1,0,1,10,2,2004,26.21,1,19,,,16,,,
22,1,0,1,10,2,2005,89.26,1,23,,,12,,,
22,1,0,1,10,2,2006,44.65,1,35,,,34,,,
22,1,0,1,10,2,2007,16.71,1,37,,,36,,,
22,1,0,1,10,2,2008,40.34,1,37,,,36,,,
22,1,0,1,10,2,2009,33.22,1,43,,,,,,
22,1,0,1,10,2,2010,54.05,1,63,,,,,,
22,1,0,1,10,2,2011,66.90,1,68,11,,,,,2.15
22,1,0,1,10,2,2012,30.20,1,74,11.8,,,,,2.9
22,1,0,1,10,2,2013,17.50,1,69,11,,,,,2.4
22,1,0,1,10,2,2014,20.12,1,70,12,,,,,2.28
22,1,0,1,10,2,2015,20.60,1,66,13,,,,,2.9
22,1,0,1,10,2,2016,25.88,1,59,14,,,,,1.5
22,1,0,1,10,2,2017,51.21,1,85,14,,,,,
22,1,0,1,10,2,2018,21.01,1,86,16,,,,,
23,1,0,1,12,2,2003,42.11,1,12.5,,,11.5,,,
23,1,0,1,12,2,2004,26.21,1,18,,,10,,,
23,1,0,1,12,2,2005,89.26,1,41,,,31,,,
23,1,0,1,12,2,2006,44.65,1,53,,,43,,,
23,1,0,1,12,2,2007,16.71,1,60,,,44,,,
23,1,0,1,12,2,2008,40.34,1,64,,,64,,,
23,1,0,1,12,2,2009,33.22,1,65,,,,,,
23,1,0,1,12,2,2010,54.05,1,67,,,,,,
23,1,0,1,12,2,2011,66.90,1,86,17.2,,,,,2.4
23,1,0,1,12,2,2012,30.20,1,127,24.8,,,,,1.2
23,1,0,1,12,2,2013,17.50,1,133,24,,,,,2
23,1,0,1,12,2,2014,20.12,1,128,25,,,,,2.00
23,1,0,1,12,2,2015,20.60,1,131,26,,,,,3.1
23,1,0,1,12,2,2016,25.88,1,129,31,,,,,1.3
23,1,0,1,12,2,2017,51.21,1,142,31,,,,,
23,1,0,1,12,2,2018,21.01,1,153,32,3,,,,
24,1,0,1,13,1,2003,42.11,1,12,,,7,,,
24,1,0,1,13,1,2004,26.21,1,20,,,12,,,
24,1,0,1,13,1,2005,89.26,1,37,,,29,,,
24,1,0,1,13,1,2006,44.65,1,35,,,27,,,
24,1,0,1,13,1,2007,16.71,1,33,,,24,,,
24,1,0,1,13,1,2008,40.34,1,35,,,28,,,
24,1,0,1,13,1,2009,33.22,1,43,,,,,,
24,1,0,1,13,1,2010,54.05,1,62,,,,,,
24,1,0,1,13,1,2011,66.90,1,84,18.4,,,,,
24,1,0,1,13,1,2012,30.20,1,93,23.6,,,,,1.2
24,1,0,1,13,1,2013,17.50,1,102,25,,,,,1.4
24,1,0,1,13,1,2014,20.12,1,114,28,,,,,1.10
24,1,0,1,13,1,2015,20.60,1,139,33,,,,,1.7
24,1,0,1,13,1,2016,25.88,1,210,36,10,,,,1.1
24,1,0,1,13,1,2017,51.21,1,290,47,24,,,,
24,1,0,1,13,1,2018,21.01,1,282,52,28,,,,
25,2,1,2,,2,2004,26.21,1,18,,,15,,,
25,2,1,2,,2,2005,89.26,1,35,,,25,,,
25,2,1,2,,2,2006,44.65,1,58,,,55,,,
25,2,1,2,,2,2007,16.71,1,79,,,71,,,
25,2,1,2,,2,2008,40.34,1,102,,,89,,,
25,2,1,2,,2,2009,33.22,1,118,,,118,,,
25,2,1,2,,2,2010,54.05,1,166,,,,,,
25,2,1,2,,2,2011,66.90,1,180,23,,141,22.4,,
25,2,1,2,,2,2012,30.20,1,176,26,,153,28,,
25,2,1,2,,2,2013,17.50,1,168,28,,155,29,,
25,2,1,2,,2,2014,20.12,1,177,28,17,84,18,,
25,2,1,2,,2,2015,20.60,1,175,29,17,150,30,,
25,2,1,2,,2,2016,25.88,1,169,31,18,140,30,,
25,2,1,2,,2,2017,51.21,1,167,29,18,145,,,
25,2,1,2,,2,2018,21.01,1,143,30,,,,,
26,2,1,2,,2,2004,26.21,1,24,,,22,,,
26,2,1,2,,2,2005,89.26,1,42,,,33,,,
26,2,1,2,,2,2006,44.65,1,75,,,45,,,
26,2,1,2,,2,2007,16.71,1,77,,,62,,,
26,2,1,2,,2,2008,40.34,1,78,,,64,,,
26,2,1,2,,2,2009,33.22,1,82,,,66,,,
26,2,1,2,,2,2010,54.05,1,109,,,,,,
26,2,1,2,,2,2011,66.90,1,132,20,,73,16,,
26,2,1,2,,2,2012,30.20,1,126,22,,71,22,,
26,2,1,2,,2,2013,17.50,1,132,25,,78,21,,
26,2,1,2,,2,2014,20.12,1,130,25,,71,25,,
26,2,1,2,,2,2015,20.60,1,133,28,,70,24,,
26,2,1,2,,2,2016,25.88,0,,,,,,,
26,2,1,2,,2,2017,51.21,0,,,,,,,
26,2,1,2,,2,2018,21.01,0,,,,,,,
27,2,2,2,,3,2004,26.21,1,16,,,16,,,
27,2,2,2,,3,2005,89.26,1,57,,,33,,,
27,2,2,2,,3,2006,44.65,1,74,,,38,,,
27,2,2,2,,3,2007,16.71,1,67,,,50,,,
27,2,2,2,,3,2008,40.34,1,68,,,59,,,
27,2,2,2,,3,2009,33.22,1,56,,,54,,,
27,2,2,2,,3,2010,54.05,1,80,,,,,,
27,2,2,2,,3,2011,66.90,1,85,14,,60,12,,
27,2,2,2,,3,2012,30.20,1,86,18,,65,13,,
27,2,2,2,,3,2013,17.50,1,91,17,,68,14,,
27,2,2,2,,3,2014,20.12,1,94,16,,73,16,,
27,2,2,2,,3,2015,20.60,1,96,18,,78,17,,
27,2,2,2,,3,2016,25.88,1,100,18,,85,19,,
27,2,2,2,,3,2017,51.21,1,114,22,,120,23,,
27,2,2,2,,3,2018,21.01,1,105,26,,130,24,,
28,2,2,2,,3,2004,26.21,1,14,,,10,,,
28,2,2,2,,3,2005,89.26,1,47,,,25,,,
28,2,2,2,,3,2006,44.65,1,55,,,25,,,
28,2,2,2,,3,2007,16.71,1,72,,,24,,,
28,2,2,2,,3,2008,40.34,1,74,,,29,,,
28,2,2,2,,3,2009,33.22,1,76,,,27,,,
28,2,2,2,,3,2010,54.05,1,125,,,,,,
28,2,2,2,,3,2011,66.90,1,159,20,,62,11,,
28,2,2,2,,3,2012,30.20,1,195,22,,60,13,,
28,2,2,2,,3,2013,17.50,1,198,29,,58,13,,
28,2,2,2,,3,2014,20.12,1,206,33,13,62,17,,
28,2,2,2,,3,2015,20.60,1,207,36,14,68,17,,
28,2,2,2,,3,2016,25.88,1,216,39,16,56,16,,
28,2,2,2,,3,2017,51.21,1,240,48,19,73,14,,
28,2,2,2,,3,2018,21.01,1,250,51,21,80,14,,
29,2,2,2,,3,2004,26.21,1,14,,,14,,,
29,2,2,2,,3,2005,89.26,1,31,,,31,,,
29,2,2,2,,3,2006,44.65,1,51,,,27,,,
29,2,2,2,,3,2007,16.71,1,42,,,28,,,
29,2,2,2,,3,2008,40.34,1,53,,,34,,,
29,2,2,2,,3,2009,33.22,1,40,,,40,,,
29,2,2,2,,3,2010,54.05,1,63,,,,,,
29,2,2,2,,3,2011,66.90,1,88,9.4,,59,8,,
29,2,2,2,,3,2012,30.20,1,80,10,,64,9,,
29,2,2,2,,3,2013,17.50,1,78,11,,65,10,,
29,2,2,2,,3,2014,20.12,1,72,13,,65,10,,
29,2,2,2,,3,2015,20.60,1,78,13,,65,11,,
29,2,2,2,,3,2016,25.88,1,80,14,,67,12,,
29,2,2,2,,3,2017,51.21,1,120,19,,90,13,,
29,2,2,2,,3,2018,21.01,1,130,23,,104,17,,
30,2,2,2,,3,2004,26.21,1,7,,,7,,,
30,2,2,2,,3,2005,89.26,1,20,,,13,,,
30,2,2,2,,3,2006,44.65,1,42,,,28,,,
30,2,2,2,,3,2007,16.71,1,38,,,29,,,
30,2,2,2,,3,2008,40.34,1,36,,,30,,,
30,2,2,2,,3,2009,33.22,1,37,,,31,,,
30,2,2,2,,3,2010,54.05,1,42,,,,,,
30,2,2,2,,3,2011,66.90,1,44,8,,32,5,,
30,2,2,2,,3,2012,30.20,1,44,9,,24,7,,
30,2,2,2,,3,2013,17.50,1,43,10,,38,8,,
30,2,2,2,,3,2014,20.12,1,49,12,,38,7,,
30,2,2,2,,3,2015,20.60,1,52,12,,35,10,,
30,2,2,2,,3,2016,25.88,1,71,10,,50,11,,
30,2,2,2,,3,2017,51.21,1,132,17,,48,13,,
30,2,2,2,,3,2018,21.01,1,142,22,,51,12,,
31,2,2,2,,3,2004,26.21,1,15,,,9,,,
31,2,2,2,,3,2005,89.26,1,40,,,24,,,
31,2,2,2,,3,2006,44.65,1,54,,,36,,,
31,2,2,2,,3,2007,16.71,1,46,,,27,,,
31,2,2,2,,3,2008,40.34,1,48,,,31,,,
31,2,2,2,,3,2009,33.22,1,52,,,32,,,
31,2,2,2,,3,2010,54.05,1,88,,,,,,
31,2,2,2,,3,2011,66.90,1,108,15,,52,7.5,,
31,2,2,2,,3,2012,30.20,1,111,20,,49,10,,
31,2,2,2,,3,2013,17.50,1,112,21,,50,10,,
31,2,2,2,,3,2014,20.12,1,112,27,,49,10,,
31,2,2,2,,3,2015,20.60,1,117,29,,48,10,,
31,2,2,2,,3,2016,25.88,1,119,32,,53,12,,
31,2,2,2,,3,2017,51.21,1,134,38,,50,10,,
31,2,2,2,,3,2018,21.01,1,145,44,,52,12,,
32,2,2,2,,3,2004,26.21,1,17,,,10,,,
32,2,2,2,,3,2005,89.26,1,21,,,21,,,
32,2,2,2,,3,2006,44.65,1,28,,,24,,,
32,2,2,2,,3,2007,16.71,1,23,,,23,,,
32,2,2,2,,3,2008,40.34,1,27,,,27,,,
32,2,2,2,,3,2009,33.22,1,28,,,28,,,
32,2,2,2,,3,2010,54.05,1,60,,,,,,
32,2,2,2,,3,2011,66.90,1,74,10.7,,48,6.8,,
32,2,2,2,,3,2012,30.20,1,71,12,,39,8,,
32,2,2,2,,3,2013,17.50,0,,,,,,,
32,2,2,2,,3,2014,20.12,0,,,,,,,
32,2,2,2,,3,2015,20.60,0,,,,,,,
32,2,2,2,,3,2016,25.88,0,,,,,,,
32,2,2,2,,3,2017,51.21,0,,,,,,,
32,2,2,2,,3,2018,21.01,0,,,,,,,
33,2,3,2,,1,2004,26.21,1,14,,,14,,,
33,2,3,2,,1,2005,89.26,1,34,,,30,,,
33,2,3,2,,1,2006,44.65,1,34,,,22,,,
33,2,3,2,,1,2007,16.71,1,39,,,34,,,
33,2,3,2,,1,2008,40.34,1,34,,,28,,,
33,2,3,2,,1,2009,33.22,1,38,,,38,,,
33,2,3,2,,1,2010,54.05,1,42,,,,,,
33,2,3,2,,1,2011,66.90,1,47,9,,38,10,,
33,2,3,2,,1,2012,30.20,1,46,9,,35,9,,
33,2,3,2,,1,2013,17.50,1,36,10,,34,10,,
33,2,3,2,,1,2014,20.12,1,35,8,,42,8,,
33,2,3,2,,1,2015,20.60,1,39,8,,43,8,,
33,2,3,2,,1,2016,25.88,1,56,8,,38,11,,
33,2,3,2,,1,2017,51.21,1,60,9,,72,20,,
33,2,3,2,,1,2018,21.01,1,82,14,,62,10,,
34,2,3,2,,1,2004,26.21,1,11,,,11,,,
34,2,3,2,,1,2005,89.26,1,28,,,28,,,
34,2,3,2,,1,2006,44.65,1,30,,,30,,,
34,2,3,2,,1,2007,16.71,1,32,,,32,,,
34,2,3,2,,1,2008,40.34,1,38,,,38,,,
34,2,3,2,,1,2009,33.22,1,40,,,40,,,
34,2,3,2,,1,2010,54.05,1,62,,,,,,
34,2,3,2,,1,2011,66.90,1,81,16,,69,11,,
34,2,3,2,,1,2012,30.20,1,93,12,,75,15,,
34,2,3,2,,1,2013,17.50,1,94,13,,75,17,,
34,2,3,2,,1,2014,20.12,1,91,13,,72,17,,
34,2,3,2,,1,2015,20.60,1,92,13,,72,18,,
34,2,3,2,,1,2016,25.88,1,85,17,,70,20,,
34,2,3,2,,1,2017,51.21,1,85,17,,77,19,,
34,2,3,2,,1,2018,21.01,1,96,18,,93,20,,
35,2,4,2,,3,2004,26.21,1,10,,,9,,,
35,2,4,2,,3,2005,89.26,1,41,,,32,,,
35,2,4,2,,3,2006,44.65,1,67,,,30,,,
35,2,4,2,,3,2007,16.71,1,70,,,33,,,
35,2,4,2,,3,2008,40.34,1,75,,,75,,,
35,2,4,2,,3,2009,33.22,1,74,,,54,,,
35,2,4,2,,3,2010,54.05,1,95,,,,,,
35,2,4,2,,3,2011,66.90,1,92,20.4,,79,16.7,,
35,2,4,2,,3,2012,30.20,1,108,24,,90,17,,
35,2,4,2,,3,2013,17.50,1,105,24,,91,19,,
35,2,4,2,,3,2014,20.12,1,105,28,,97,16,,
35,2,4,2,,3,2015,20.60,1,122,29,,93,19,,
35,2,4,2,,3,2016,25.88,1,165,35,,103,27,,
35,2,4,2,,3,2017,51.21,1,244,51,21,166,32,,
35,2,4,2,,3,2018,21.01,1,255,52,26,175,37,8,
36,2,4,2,,3,2004,26.21,1,12,,,12,,,
36,2,4,2,,3,2005,89.26,1,36,,,25,,,
36,2,4,2,,3,2006,44.65,1,40,,,29,,,
36,2,4,2,,3,2007,16.71,1,44,,,35,,,
36,2,4,2,,3,2008,40.34,1,53,,,45,,,
36,2,4,2,,3,2009,33.22,1,71,,,45,,,
36,2,4,2,,3,2010,54.05,1,98,,,,,,
36,2,4,2,,3,2011,66.90,1,125,14,,35,6,,
36,2,4,2,,3,2012,30.20,1,143,20,,115,18,,
36,2,4,2,,3,2013,17.50,1,139,21,,117,20,,
36,2,4,2,,3,2014,20.12,1,145,22,,121,21,,
36,2,4,2,,3,2015,20.60,1,145,24,,120,22,,
36,2,4,2,,3,2016,25.88,1,152,28,,123,33,,
36,2,4,2,,3,2017,51.21,1,205,33,11,195,31,7,
36,2,4,2,,3,2018,21.01,1,229,39,23,203,30,10,
37,2,5,2,,4,2004,26.21,1,20,,,19,,,
37,2,5,2,,4,2005,89.26,1,39,,,39,,,
37,2,5,2,,4,2006,44.65,1,53,,,42,,,
37,2,5,2,,4,2007,16.71,1,56,,,44,,,
37,2,5,2,,4,2008,40.34,1,48,,,43,,,
37,2,5,2,,4,2009,33.22,1,55,,,45,,,
37,2,5,2,,4,2010,54.05,1,67,,,,,,
37,2,5,2,,4,2011,66.90,1,60,14,,58,9.7,,
37,2,5,2,,4,2012,30.20,1,74,11,,68,16,,
37,2,5,2,,4,2013,17.50,1,74,12,,67,18,,
37,2,5,2,,4,2014,20.12,1,81,12,,71,18,,
37,2,5,2,,4,2015,20.60,1,78,13,,76,18,,
37,2,5,2,,4,2016,25.88,1,76,14,,76,20,,
37,2,5,2,,4,2017,51.21,1,108,26,,106,18,,
37,2,5,2,,4,2018,21.01,1,136,29,,104,20,,
38,2,5,2,,4,2004,26.21,1,8,,,7,,,
38,2,5,2,,4,2005,89.26,1,22,,,12,,,
38,2,5,2,,4,2006,44.65,1,23,,,16,,,
38,2,5,2,,4,2007,16.71,1,26,,,18,,,
38,2,5,2,,4,2008,40.34,1,24,,,22,,,
38,2,5,2,,4,2009,33.22,1,29,,,20,,,
38,2,5,2,,4,2010,54.05,1,41,,,,,,
38,2,5,2,,4,2011,66.90,1,38,8.3,,38,6,,
38,2,5,2,,4,2012,30.20,1,42,10,,36,7,,
38,2,5,2,,4,2013,17.50,1,43,11,,35,8,,
38,2,5,2,,4,2014,20.12,1,44,12,,36,8,,
38,2,5,2,,4,2015,20.60,1,45,13,,36,8,,
38,2,5,2,,4,2016,25.88,1,48,14,,41,10,,
38,2,5,2,,4,2017,51.21,1,64,17,,,,,
38,2,5,2,,4,2018,21.01,1,50,17,,,,,
39,2,5,2,,4,2004,26.21,1,18,,,18,,,
39,2,5,2,,4,2005,89.26,1,33,,,30,,,
39,2,5,2,,4,2006,44.65,1,35,,,25,,,
39,2,5,2,,4,2007,16.71,1,35,,,26,,,
39,2,5,2,,4,2008,40.34,1,38,,,20,,,
39,2,5,2,,4,2009,33.22,1,47,,,30,,,
39,2,5,2,,4,2010,54.05,1,52,,,,,,
39,2,5,2,,4,2011,66.90,1,60,10,,51,9.8,,
39,2,5,2,,4,2012,30.20,1,64,12,,51,9,,
39,2,5,2,,4,2013,17.50,1,66,12,,50,11,,
39,2,5,2,,4,2014,20.12,1,65,13,,50,12,,
39,2,5,2,,4,2015,20.60,1,66,14,,49,13,,
39,2,5,2,,4,2016,25.88,1,67,16,,48,13,,
39,2,5,2,,4,2017,51.21,1,116,16,,104,14,,
39,2,5,2,,4,2018,21.01,1,126,18,,102,16,,
40,2,1,1,,2,2004,26.21,1,14,,,14,,,
40,2,1,1,,2,2005,89.26,1,20,,,20,,,
40,2,1,1,,2,2006,44.65,1,50,,,50,,,
40,2,1,1,,2,2007,16.71,1,51,,,51,,,
40,2,1,1,,2,2008,40.34,1,49,,,49,,,
40,2,1,1,,2,2009,33.22,1,55,,,53,,,
40,2,1,1,,2,2010,54.05,1,58,,,,,,
40,2,1,1,,2,2011,66.90,1,62,13,,62,10.5,,
40,2,1,1,,2,2012,30.20,1,55,13.3,,,,,
40,2,1,1,,2,2013,17.50,1,61,18,,,,,
40,2,1,1,,2,2014,20.12,1,60,14,,,,,
40,2,1,1,,2,2015,20.60,1,62,16,,,,,
40,2,1,1,,2,2016,25.88,1,57,16,,,,,
40,2,1,1,,2,2017,51.21,1,150,24,3,,,,
40,2,1,1,,2,2018,21.01,1,172,26,7,,,,
41,2,1,1,,2,2004,26.21,1,14,,,14,,,
41,2,1,1,,2,2005,89.26,1,42,,,42,,,
41,2,1,1,,2,2006,44.65,1,40,,,40,,,
41,2,1,1,,2,2007,16.71,1,58,,,58,,,
41,2,1,1,,2,2008,40.34,1,65,,,65,,,
41,2,1,1,,2,2009,33.22,1,87,,,87,,,
41,2,1,1,,2,2010,54.05,1,99,,,,,,
41,2,1,1,,2,2011,66.90,1,102,19,,68,12,,
41,2,1,1,,2,2012,30.20,1,105,23,,,,,
41,2,1,1,,2,2013,17.50,1,104,24,,,,,
41,2,1,1,,2,2014,20.12,1,107,33,,,,,
41,2,1,1,,2,2015,20.60,1,107,28,,,,,
41,2,1,1,,2,2016,25.88,1,132,30,,,,,
41,2,1,1,,2,2017,51.21,1,137,38,,,,,
41,2,1,1,,2,2018,21.01,1,143,37,,,,,
42,2,1,1,,2,2004,26.21,1,19,,,19,,,
42,2,1,1,,2,2005,89.26,1,30,,,30,,,
42,2,1,1,,2,2006,44.65,1,39,,,30,,,
42,2,1,1,,2,2007,16.71,1,41,,,38,,,
42,2,1,1,,2,2008,40.34,1,63,,,41,,,
42,2,1,1,,2,2009,33.22,1,71,,,46,,,
42,2,1,1,,2,2010,54.05,1,91,,,,,,
42,2,1,1,,2,2011,66.90,1,122,18,,52,6,,
42,2,1,1,,2,2012,30.20,1,124,21,,,,,
42,2,1,1,,2,2013,17.50,1,113,18,,,,,
42,2,1,1,,2,2014,20.12,1,13,2,,,,,
42,2,1,1,,2,2015,20.60,0,,,,,,,
42,2,1,1,,2,2016,25.88,0,,,,,,,
42,2,1,1,,2,2017,51.21,0,,,,,,,
42,2,1,1,,2,2018,21.01,0,,,,,,,
43,2,1,1,,2,2004,26.21,1,18,,,18,,,
43,2,1,1,,2,2005,89.26,1,32,,,21,,,
43,2,1,1,,2,2006,44.65,1,41,,,38,,,
43,2,1,1,,2,2007,16.71,1,64,,,40,,,
43,2,1,1,,2,2008,40.34,1,88,,,53,,,
43,2,1,1,,2,2009,33.22,1,115,,,115,,,
43,2,1,1,,2,2010,54.05,1,146,,,,,,
43,2,1,1,,2,2011,66.90,1,192,32,,81,13,,
43,2,1,1,,2,2012,30.20,1,204,42,,,,,
43,2,1,1,,2,2013,17.50,1,237,46,,,,,
43,2,1,1,,2,2014,20.12,1,245,60,32,,,,
43,2,1,1,,2,2015,20.60,1,252,66,32,,,,
43,2,1,1,,2,2016,25.88,0,,,,,,,
43,2,1,1,,2,2017,51.21,0,,,,,,,
43,2,1,1,,2,2018,21.01,0,,,,,,,
44,2,2,1,,3,2004,26.21,1,15,,,8,,,
44,2,2,1,,3,2005,89.26,1,23,,,12,,,
44,2,2,1,,3,2006,44.65,1,38,,,21,,,
44,2,2,1,,3,2007,16.71,1,34,,,14,,,
44,2,2,1,,3,2008,40.34,1,43,,,20,,,
44,2,2,1,,3,2009,33.22,1,43,,,19,,,
44,2,2,1,,3,2010,54.05,1,66,,,,,,
44,2,2,1,,3,2011,66.90,1,84,13,,38,7,,
44,2,2,1,,3,2012,30.20,1,83,17,,,,,
44,2,2,1,,3,2013,17.50,1,85,16,,,,,
44,2,2,1,,3,2014,20.12,1,83,17,,,,,
44,2,2,1,,3,2015,20.60,1,17,4,,,,,
44,2,2,1,,3,2016,25.88,1,32,7,,,,,
44,2,2,1,,3,2017,51.21,1,85,13,,,,,
44,2,2,1,,3,2018,21.01,1,94,14,,,,,
45,2,2,1,,3,2004,26.21,1,21,,,21,,,
45,2,2,1,,3,2005,89.26,1,23,,,23,,,
45,2,2,1,,3,2006,44.65,1,32,,,32,,,
45,2,2,1,,3,2007,16.71,1,27,,,27,,,
45,2,2,1,,3,2008,40.34,1,27,,,27,,,
45,2,2,1,,3,2009,33.22,1,24,,,22,,,
45,2,2,1,,3,2010,54.05,1,41,,,,,,
45,2,2,1,,3,2011,66.90,1,51,10.5,,46,8,,
45,2,2,1,,3,2012,30.20,1,54,14,,,,,
45,2,2,1,,3,2013,17.50,1,57,13,,,,,
45,2,2,1,,3,2014,20.12,1,55,11,,,,,
45,2,2,1,,3,2015,20.60,1,54,10,,,,,
45,2,2,1,,3,2016,25.88,1,53,14,,,,,
45,2,2,1,,3,2017,51.21,1,72,17,,,,,
45,2,2,1,,3,2018,21.01,1,74,21,,,,,
46,2,2,1,,3,2004,26.21,1,10,,,9,,,
46,2,2,1,,3,2005,89.26,1,18,,,13,,,
46,2,2,1,,3,2006,44.65,1,31,,,20,,,
46,2,2,1,,3,2007,16.71,1,28,,,22,,,
46,2,2,1,,3,2008,40.34,1,34,,,28,,,
46,2,2,1,,3,2009,33.22,1,34,,,34,,,
46,2,2,1,,3,2010,54.05,1,60,,,,,,
46,2,2,1,,3,2011,66.90,1,81,16,,38,6,,
46,2,2,1,,3,2012,30.20,1,96,17,,,,,
46,2,2,1,,3,2013,17.50,1,103,25,,,,,
46,2,2,1,,3,2014,20.12,1,104,21,,,,,
46,2,2,1,,3,2015,20.60,1,118,23,,,,,
46,2,2,1,,3,2016,25.88,1,130,25,,,,,
46,2,2,1,,3,2017,51.21,1,226,36,16,,,,
46,2,2,1,,3,2018,21.01,1,245,45,20,,,,
47,2,2,1,,3,2004,26.21,1,9,,,8,,,
47,2,2,1,,3,2005,89.26,1,15,,,10,,,
47,2,2,1,,3,2006,44.65,1,27,,,24,,,
47,2,2,1,,3,2007,16.71,1,26,,,19,,,
47,2,2,1,,3,2008,40.34,1,36,,,28,,,
47,2,2,1,,3,2009,33.22,1,60,,,34,,,
47,2,2,1,,3,2010,54.05,1,91,,,,,,
47,2,2,1,,3,2011,66.90,1,119,14,,52,9,,
47,2,2,1,,3,2012,30.20,1,168,22,,,,,
47,2,2,1,,3,2013,17.50,1,172,25,,,,,
47,2,2,1,,3,2014,20.12,1,185,36,13,,,,
47,2,2,1,,3,2015,20.60,1,205,36,14,,,,
47,2,2,1,,3,2016,25.88,1,251,37,20,,,,
47,2,2,1,,3,2017,51.21,1,279,58,28,,,,
47,2,2,1,,3,2018,21.01,1,293,67,36,,,,
48,2,2,1,,3,2004,26.21,1,8,,,7,,,
48,2,2,1,,3,2005,89.26,1,34,,,27,,,
48,2,2,1,,3,2006,44.65,1,43,,,33,,,
48,2,2,1,,3,2007,16.71,1,36,,,28,,,
48,2,2,1,,3,2008,40.34,1,42,,,36,,,
48,2,2,1,,3,2009,33.22,1,46,,,34,,,
48,2,2,1,,3,2010,54.05,1,67,,,,,,
48,2,2,1,,3,2011,66.90,1,80,11,,78,10,,
48,2,2,1,,3,2012,30.20,1,84,13,,,,,
48,2,2,1,,3,2013,17.50,1,101,17,,,,,
48,2,2,1,,3,2014,20.12,1,107,21,,,,,
48,2,2,1,,3,2015,20.60,1,116,21,,,,,
48,2,2,1,,3,2016,25.88,1,129,25,,,,,
48,2,2,1,,3,2017,51.21,1,195,30,8,,,,
48,2,2,1,,3,2018,21.01,1,194,32,11,,,,
49,2,2,1,,3,2004,26.21,1,15,,,14,,,
49,2,2,1,,3,2005,89.26,1,45,,,28,,,
49,2,2,1,,3,2006,44.65,1,51,,,34,,,
49,2,2,1,,3,2007,16.71,1,54,,,36,,,
49,2,2,1,,3,2008,40.34,1,63,,,51,,,
49,2,2,1,,3,2009,33.22,1,58,,,50,,,
49,2,2,1,,3,2010,54.05,1,,,,,,,
49,2,2,1,,3,2011,66.90,1,120,18,,77,15,,
49,2,2,1,,3,2012,30.20,1,147,24,,,,,
49,2,2,1,,3,2013,17.50,1,153,24,,,,,
49,2,2,1,,3,2014,20.12,1,154,28,,,,,
49,2,2,1,,3,2015,20.60,1,174,32,,,,,
49,2,2,1,,3,2016,25.88,1,203,32,13,,,,
49,2,2,1,,3,2017,51.21,1,261,42,16,,,,
49,2,2,1,,3,2018,21.01,1,270,45,21,,,,
50,2,2,1,,3,2004,26.21,1,8,,,7,,,
50,2,2,1,,3,2005,89.26,1,23,,,15,,,
50,2,2,1,,3,2006,44.65,1,23,,,19,,,
50,2,2,1,,3,2007,16.71,1,25,,,15,,,
50,2,2,1,,3,2008,40.34,1,27,,,15,,,
50,2,2,1,,3,2009,33.22,1,33,,,15,,,
50,2,2,1,,3,2010,54.05,1,63,,,,,,
50,2,2,1,,3,2011,66.90,1,55,9,,35,6,,
50,2,2,1,,3,2012,30.20,1,56,19,,,,,
50,2,2,1,,3,2013,17.50,1,48,8,,,,,
50,2,2,1,,3,2014,20.12,1,48,9,,,,,
50,2,2,1,,3,2015,20.60,1,45,10,,,,,
50,2,2,1,,3,2016,25.88,1,46,10,,,,,
50,2,2,1,,3,2017,51.21,1,47,10,,,,,
50,2,2,1,,3,2018,21.01,1,49,10,,,,,
51,2,3,1,,1,2004,26.21,1,18,,,12,,,
51,2,3,1,,1,2005,89.26,1,41,,,15,,,
51,2,3,1,,1,2006,44.65,1,46,,,37,,,
51,2,3,1,,1,2007,16.71,1,47,,,41,,,
51,2,3,1,,1,2008,40.34,1,52,,,48,,,
51,2,3,1,,1,2009,33.22,1,56,,,52,,,
51,2,3,1,,1,2010,54.05,1,57,,,,,,
51,2,3,1,,1,2011,66.90,1,67,12.6,,63,10,,
51,2,3,1,,1,2012,30.20,1,67,15,,,,,
51,2,3,1,,1,2013,17.50,1,65,16,,,,,
51,2,3,1,,1,2014,20.12,1,66,15,,,,,
51,2,3,1,,1,2015,20.60,1,66,16,,,,,
51,2,3,1,,1,2016,25.88,1,67,20,,,,,
51,2,3,1,,1,2017,51.21,1,69,21,,,,,
51,2,3,1,,1,2018,21.01,1,74,22,,,,,
52,2,3,1,,1,2004,26.21,1,12,,,11,,,
52,2,3,1,,1,2005,89.26,1,35,,,32,,,
52,2,3,1,,1,2006,44.65,1,48,,,32,,,
52,2,3,1,,1,2007,16.71,1,46,,,31,,,
52,2,3,1,,1,2008,40.34,1,51,,,38,,,
52,2,3,1,,1,2009,33.22,1,51,,,51,,,
52,2,3,1,,1,2010,54.05,1,52,,,,,,
52,2,3,1,,1,2011,66.90,1,64,16,,51,9,,
52,2,3,1,,1,2012,30.20,1,52,9,,,,,
52,2,3,1,,1,2013,17.50,1,53,12,,,,,
52,2,3,1,,1,2014,20.12,1,46,10,,,,,
52,2,3,1,,1,2015,20.60,1,56,10,,,,,
52,2,3,1,,1,2016,25.88,1,75,11,,,,,
52,2,3,1,,1,2017,51.21,1,109,17,,,,,
52,2,3,1,,1,2018,21.01,1,122,19,,,,,
53,2,4,1,,3,2004,26.21,1,12,,,12,,,
53,2,4,1,,3,2005,89.26,1,20,,,19,,,
53,2,4,1,,3,2006,44.65,1,21,,,17,,,
53,2,4,1,,3,2007,16.71,1,29,,,17,,,
53,2,4,1,,3,2008,40.34,1,31,,,26,,,
53,2,4,1,,3,2009,33.22,1,33,,,29,,,
53,2,4,1,,3,2010,54.05,1,60,,,,,,
53,2,4,1,,3,2011,66.90,1,68,10,,52,6,,
53,2,4,1,,3,2012,30.20,1,69,13,,,,,
53,2,4,1,,3,2013,17.50,1,68,13,,,,,
53,2,4,1,,3,2014,20.12,1,72,15,,,,,
53,2,4,1,,3,2015,20.60,1,73,16,,,,,
53,2,4,1,,3,2016,25.88,1,71,18,,,,,
53,2,4,1,,3,2017,51.21,1,80,21,,,,,
53,2,4,1,,3,2018,21.01,1,90,25,,,,,
54,2,4,1,,3,2004,26.21,1,11,,,10,,,
54,2,4,1,,3,2005,89.26,1,32,,,28,,,
54,2,4,1,,3,2006,44.65,1,45,,,28,,,
54,2,4,1,,3,2007,16.71,1,51,,,35,,,
54,2,4,1,,3,2008,40.34,1,75,,,67,,,
54,2,4,1,,3,2009,33.22,1,74,,,69,,,
54,2,4,1,,3,2010,54.05,1,86,,,,,,
54,2,4,1,,3,2011,66.90,1,96,16.5,,88,15.7,,
54,2,4,1,,3,2012,30.20,1,101,21,,,,,
54,2,4,1,,3,2013,17.50,1,104,18,,,,,
54,2,4,1,,3,2014,20.12,1,114,21,,,,,
54,2,4,1,,3,2015,20.60,1,124,21,,,,,
54,2,4,1,,3,2016,25.88,1,123,24,,,,,
54,2,4,1,,3,2017,51.21,1,130,29,,,,,
54,2,4,1,,3,2018,21.01,1,150,34,4,,,,
55,2,4,1,,3,2004,26.21,1,15,,,10,,,
55,2,4,1,,3,2005,89.26,1,20,,,18,,,
55,2,4,1,,3,2006,44.65,1,26,,,22,,,
55,2,4,1,,3,2007,16.71,1,34,,,24,,,
55,2,4,1,,3,2008,40.34,1,46,,,28,,,
55,2,4,1,,3,2009,33.22,1,47,,,27,,,
55,2,4,1,,3,2010,54.05,1,53,,,,,,
55,2,4,1,,3,2011,66.90,1,82,13.7,,40,7.4,,
55,2,4,1,,3,2012,30.20,1,102,18,,,,,
55,2,4,1,,3,2013,17.50,1,106,21,,,,,
55,2,4,1,,3,2014,20.12,1,108,25,,,,,
55,2,4,1,,3,2015,20.60,1,124,25,,,,,
55,2,4,1,,3,2016,25.88,1,151,32,,,,,
55,2,4,1,,3,2017,51.21,1,251,38,15,,,,
55,2,4,1,,3,2018,21.01,1,257,45,21,,,,
56,2,5,1,,4,2004,26.21,1,10,,,10,,,
56,2,5,1,,4,2005,89.26,1,30,,,28,,,
56,2,5,1,,4,2006,44.65,1,49,,,41,,,
56,2,5,1,,4,2007,16.71,1,42,,,40,,,
56,2,5,1,,4,2008,40.34,1,42,,,40,,,
56,2,5,1,,4,2009,33.22,1,40,,,40,,,
56,2,5,1,,4,2010,54.05,1,48,,,,,,
56,2,5,1,,4,2011,66.90,1,74,13,,56,8,,
56,2,5,1,,4,2012,30.20,1,83,17,,,,,
56,2,5,1,,4,2013,17.50,1,87,15,,,,,
56,2,5,1,,4,2014,20.12,1,90,21,,,,,
56,2,5,1,,4,2015,20.60,1,96,23,,,,,
56,2,5,1,,4,2016,25.88,1,104,25,,,,,
56,2,5,1,,4,2017,51.21,1,177,32,7,,,,
56,2,5,1,,4,2018,21.01,1,198,38,12,,,,
,,,,,,,,,,,,,,,
,,,,,,,,,,,,,,,
,,,,,,,,,,,,,,,
,,,,,,,,,,,,,,,
,,,,,,,,,,,,,,,
,,,,,,,,,,,,,,,
,,,,,,,,,,,,,,,
,,,,,,,,,,,,,,,
,,,,,,,,,,,,,,,
,,,,,,,,,,,,,,,
,,,,,,,,,,,,,,,
,,,,,,,,,,,,,,,
,,,,,,,,,,,,,,,
,,,,,,,,,,,,,,,
,,,,,,,,,,,,,,,
,,,,,,,,,,,,,,,
,,,,,,,,,,,,,,,
,,,,,,,,,,,,,,,
,,,,,,,,,,,,,,,
,,,,,,,,,,,,,,,
,,,,,,,,,,,,,,,
,,,,,,,,,,,,,,,
,,,,,,,,,,,,,,,
,,,,,,,,,,,,,,,
,,,,,,,,,,,,,,,
,,,,,,,,,,,,,,,
,,,,,,,,,,,,,,,
,,,,,,,,,,,,,,,
,,,,,,,,,,,,,,,